route_path,meta_title,meta_description,notes
/about,About Algebrik: Innovating the Future of Lending Technology,"Learn how Algebrik is transforming the lending landscape with cutting-edge AI solutions, empowering financial institutions to offer faster and smarter loan services",
/become-a-partner,Algebrik: AI-Powered Loan Origination Software for Seamless Lending,"Experience the future of lending with Algebrik's cloud-native, AI-powered platform. Simplify workflows, enhance decision-making, and deliver exceptional borrower experiences",no page metadata; inherits app/layout.tsx
/contact,Contact Algebrik AI | Get in Touch for Lending Solutions,"Reach out to Algebrik AI for AI-powered lending solutions, product demos, support, and partnership inquiries. Connect with our team today",
/gac-conference-dinner,Algebrik: AI-Powered Loan Origination Software for Seamless Lending,"Experience the future of lending with Algebrik's cloud-native, AI-powered platform. Simplify workflows, enhance decision-making, and deliver exceptional borrower experiences",no page metadata; inherits app/layout.tsx
/integrations,Algebrik: AI-Powered Loan Origination Software for Seamless Lending,"Experience the future of lending with Algebrik's cloud-native, AI-powered platform. Simplify workflows, enhance decision-making, and deliver exceptional borrower experiences",no page metadata; inherits app/layout.tsx
/jack-henry,Algebrik: AI-Powered Loan Origination Software for Seamless Lending,"Experience the future of lending with Algebrik's cloud-native, AI-powered platform. Simplify workflows, enhance decision-making, and deliver exceptional borrower experiences",no page metadata; inherits app/layout.tsx
/lending-health-check,Algebrik: AI-Powered Loan Origination Software for Seamless Lending,"Experience the future of lending with Algebrik's cloud-native, AI-powered platform. Simplify workflows, enhance decision-making, and deliver exceptional borrower experiences",no page metadata; inherits app/layout.tsx
/loan-kitchen,Algebrik: AI-Powered Loan Origination Software for Seamless Lending,"Experience the future of lending with Algebrik's cloud-native, AI-powered platform. Simplify workflows, enhance decision-making, and deliver exceptional borrower experiences",no page metadata; inherits app/layout.tsx
/login,Algebrik: AI-Powered Loan Origination Software for Seamless Lending,"Experience the future of lending with Algebrik's cloud-native, AI-powered platform. Simplify workflows, enhance decision-making, and deliver exceptional borrower experiences",no page metadata; inherits app/layout.tsx
/ml,The Modern Alternative Lenders Asked For | Algebrik AI,"Replace rigid stacks with a unified, AI-first platform for Personal, Auto, Credit Card, and HELOC lending. Built for speed, flexibility, and growth.",
/page-not-found,Algebrik: AI-Powered Loan Origination Software for Seamless Lending,"Experience the future of lending with Algebrik's cloud-native, AI-powered platform. Simplify workflows, enhance decision-making, and deliver exceptional borrower experiences",no page metadata; inherits app/layout.tsx
/page.tsx,Algebrik: AI-Powered Loan Origination Software for Seamless Lending,"Experience the future of lending with Algebrik's cloud-native, AI-powered platform. Simplify workflows, enhance decision-making, and deliver exceptional borrower experiences",no page metadata; inherits app/layout.tsx
/platform,Algebrik Platform: Automating Loan Origination with AI Precision,"Discover Algebrik's fully automated, AI-first platform that streamlines lending processes, improves accuracy, and personalizes borrower journeys at scale.",
/privacy-policy/beyond_decisioning,Algebrik: AI-Powered Loan Origination Software for Seamless Lending,"Experience the future of lending with Algebrik's cloud-native, AI-powered platform. Simplify workflows, enhance decision-making, and deliver exceptional borrower experiences",no page metadata; inherits app/layout.tsx
/privacy-policy/from-fragmentation-to-seamlessness,Algebrik: AI-Powered Loan Origination Software for Seamless Lending,"Experience the future of lending with Algebrik's cloud-native, AI-powered platform. Simplify workflows, enhance decision-making, and deliver exceptional borrower experiences",no page metadata; inherits app/layout.tsx
/privacy-policy/out-of-the-lending-maze,Algebrik: AI-Powered Loan Origination Software for Seamless Lending,"Experience the future of lending with Algebrik's cloud-native, AI-powered platform. Simplify workflows, enhance decision-making, and deliver exceptional borrower experiences",no page metadata; inherits app/layout.tsx
/privacy-policy,Algebrik Resource Center: Insights and Updates on AI in Lending,"Stay informed with the latest articles, case studies, and news on AI-driven lending solutions, and discover how Algebrik is leading the industry transformation",
/resource-center/[slug],(dynamic),(dynamic),"generateMetadata from Strapi: seoTitle, seoDescription, OpenGraph; fallback Blog Not Found"
/resource-center/ai-is-the-engine-people-are-the-trust,Algebrik: AI-Powered Loan Origination Software for Seamless Lending,"Experience the future of lending with Algebrik's cloud-native, AI-powered platform. Simplify workflows, enhance decision-making, and deliver exceptional borrower experiences",no page metadata; inherits app/layout.tsx
/resource-center/is-your-technology-handing-the-next-generation-to-the-competition,Algebrik: AI-Powered Loan Origination Software for Seamless Lending,"Experience the future of lending with Algebrik's cloud-native, AI-powered platform. Simplify workflows, enhance decision-making, and deliver exceptional borrower experiences",no page metadata; inherits app/layout.tsx
/resource-center/new-in-algebrik-capture-the-heloc-market-onboard-members-in-minutes-and-outsmart-identity-fraud,Algebrik: AI-Powered Loan Origination Software for Seamless Lending,"Experience the future of lending with Algebrik's cloud-native, AI-powered platform. Simplify workflows, enhance decision-making, and deliver exceptional borrower experiences",no page metadata; inherits app/layout.tsx
/resource-center,Algebrik Resource Center: Insights and Updates on AI in Lending,"Stay informed with the latest articles, case studies, and news on AI-driven lending solutions, and discover how Algebrik is leading the industry transformation",
/resource-center/static-blogs-backup/a-product-peek-into-what-is-new-at-algebrik-this-month,Algebrik: AI-Powered Loan Origination Software for Seamless Lending,"Experience the future of lending with Algebrik's cloud-native, AI-powered platform. Simplify workflows, enhance decision-making, and deliver exceptional borrower experiences",no page metadata; inherits app/layout.tsx
/resource-center/static-blogs-backup/algebrik-ai-and-conductiv-elevate-lending-with-permissioned-data-automated-stipulations-and-smarter-underwriting,Algebrik: AI-Powered Loan Origination Software for Seamless Lending,"Experience the future of lending with Algebrik's cloud-native, AI-powered platform. Simplify workflows, enhance decision-making, and deliver exceptional borrower experiences",no page metadata; inherits app/layout.tsx
/resource-center/static-blogs-backup/algebrik-ai-partners-with-equifax-to-power-smarter-fairer-and-faster-loan-decisions,Algebrik: AI-Powered Loan Origination Software for Seamless Lending,"Experience the future of lending with Algebrik's cloud-native, AI-powered platform. Simplify workflows, enhance decision-making, and deliver exceptional borrower experiences",no page metadata; inherits app/layout.tsx
/resource-center/static-blogs-backup/automating-lending-decisions-with-unprecedented-precision,Algebrik: AI-Powered Loan Origination Software for Seamless Lending,"Experience the future of lending with Algebrik's cloud-native, AI-powered platform. Simplify workflows, enhance decision-making, and deliver exceptional borrower experiences",no page metadata; inherits app/layout.tsx
/resource-center/static-blogs-backup/beyond_decisioning,Algebrik: AI-Powered Loan Origination Software for Seamless Lending,"Experience the future of lending with Algebrik's cloud-native, AI-powered platform. Simplify workflows, enhance decision-making, and deliver exceptional borrower experiences",no page metadata; inherits app/layout.tsx
/resource-center/static-blogs-backup/building-digital-first-loyalty-for-credit-unions,Algebrik: AI-Powered Loan Origination Software for Seamless Lending,"Experience the future of lending with Algebrik's cloud-native, AI-powered platform. Simplify workflows, enhance decision-making, and deliver exceptional borrower experiences",no page metadata; inherits app/layout.tsx
/resource-center/static-blogs-backup/cable-tv-lending-is-dead,Algebrik: AI-Powered Loan Origination Software for Seamless Lending,"Experience the future of lending with Algebrik's cloud-native, AI-powered platform. Simplify workflows, enhance decision-making, and deliver exceptional borrower experiences",no page metadata; inherits app/layout.tsx
/resource-center/static-blogs-backup/credit-union-lessons-from-trendwatch-q2,Algebrik: AI-Powered Loan Origination Software for Seamless Lending,"Experience the future of lending with Algebrik's cloud-native, AI-powered platform. Simplify workflows, enhance decision-making, and deliver exceptional borrower experiences",no page metadata; inherits app/layout.tsx
/resource-center/static-blogs-backup/credit-union-mergers-are-at-an-all-time-high,Algebrik: AI-Powered Loan Origination Software for Seamless Lending,"Experience the future of lending with Algebrik's cloud-native, AI-powered platform. Simplify workflows, enhance decision-making, and deliver exceptional borrower experiences",no page metadata; inherits app/layout.tsx
/resource-center/static-blogs-backup/from-piggy-banks-to-product-hooks-why-credit-unions-need-a-feature-strategy,Algebrik: AI-Powered Loan Origination Software for Seamless Lending,"Experience the future of lending with Algebrik's cloud-native, AI-powered platform. Simplify workflows, enhance decision-making, and deliver exceptional borrower experiences",no page metadata; inherits app/layout.tsx
/resource-center/static-blogs-backup/from-fragmentation-to-seamlessness,Algebrik: AI-Powered Loan Origination Software for Seamless Lending,"Experience the future of lending with Algebrik's cloud-native, AI-powered platform. Simplify workflows, enhance decision-making, and deliver exceptional borrower experiences",no page metadata; inherits app/layout.tsx
/resource-center/static-blogs-backup/how-credit-unions-are-putting-agentic-ai-to-work,Algebrik: AI-Powered Loan Origination Software for Seamless Lending,"Experience the future of lending with Algebrik's cloud-native, AI-powered platform. Simplify workflows, enhance decision-making, and deliver exceptional borrower experiences",no page metadata; inherits app/layout.tsx
/resource-center/static-blogs-backup/how-digital-first-credit-unions-are-winning-member-loyalty,Algebrik: AI-Powered Loan Origination Software for Seamless Lending,"Experience the future of lending with Algebrik's cloud-native, AI-powered platform. Simplify workflows, enhance decision-making, and deliver exceptional borrower experiences",no page metadata; inherits app/layout.tsx
/resource-center/static-blogs-backup/innovations-reshaping-lending-workflows,Algebrik: AI-Powered Loan Origination Software for Seamless Lending,"Experience the future of lending with Algebrik's cloud-native, AI-powered platform. Simplify workflows, enhance decision-making, and deliver exceptional borrower experiences",no page metadata; inherits app/layout.tsx
/resource-center/static-blogs-backup/is-your-member-experience-broken,Algebrik: AI-Powered Loan Origination Software for Seamless Lending,"Experience the future of lending with Algebrik's cloud-native, AI-powered platform. Simplify workflows, enhance decision-making, and deliver exceptional borrower experiences",no page metadata; inherits app/layout.tsx
/resource-center/static-blogs-backup/mastering-digital-onboarding,Algebrik: AI-Powered Loan Origination Software for Seamless Lending,"Experience the future of lending with Algebrik's cloud-native, AI-powered platform. Simplify workflows, enhance decision-making, and deliver exceptional borrower experiences",no page metadata; inherits app/layout.tsx
/resource-center/static-blogs-backup/out-of-the-lending-maze,Algebrik: AI-Powered Loan Origination Software for Seamless Lending,"Experience the future of lending with Algebrik's cloud-native, AI-powered platform. Simplify workflows, enhance decision-making, and deliver exceptional borrower experiences",no page metadata; inherits app/layout.tsx
/resource-center/static-blogs-backup/redefining_borrower,Algebrik: AI-Powered Loan Origination Software for Seamless Lending,"Experience the future of lending with Algebrik's cloud-native, AI-powered platform. Simplify workflows, enhance decision-making, and deliver exceptional borrower experiences",no page metadata; inherits app/layout.tsx
/resource-center/static-blogs-backup/the-future-of-auto-lending,Algebrik: AI-Powered Loan Origination Software for Seamless Lending,"Experience the future of lending with Algebrik's cloud-native, AI-powered platform. Simplify workflows, enhance decision-making, and deliver exceptional borrower experiences",no page metadata; inherits app/layout.tsx
/resource-center/static-blogs-backup/the-silent-sabotage,Algebrik: AI-Powered Loan Origination Software for Seamless Lending,"Experience the future of lending with Algebrik's cloud-native, AI-powered platform. Simplify workflows, enhance decision-making, and deliver exceptional borrower experiences",no page metadata; inherits app/layout.tsx
/resource-center/static-blogs-backup/what-driving-the-shift-to-intelligent-lending,Algebrik: AI-Powered Loan Origination Software for Seamless Lending,"Experience the future of lending with Algebrik's cloud-native, AI-powered platform. Simplify workflows, enhance decision-making, and deliver exceptional borrower experiences",no page metadata; inherits app/layout.tsx
/resource-center/static-blogs-backup/what-you-will-learn-in-our-intelligent-lending-roundtable,Algebrik: AI-Powered Loan Origination Software for Seamless Lending,"Experience the future of lending with Algebrik's cloud-native, AI-powered platform. Simplify workflows, enhance decision-making, and deliver exceptional borrower experiences",no page metadata; inherits app/layout.tsx
/resource-center/static-blogs-backup/when-the-game-changes,Algebrik: AI-Powered Loan Origination Software for Seamless Lending,"Experience the future of lending with Algebrik's cloud-native, AI-powered platform. Simplify workflows, enhance decision-making, and deliver exceptional borrower experiences",no page metadata; inherits app/layout.tsx
/resource-center/static-blogs-backup/year-one-at-algebrik,Algebrik: AI-Powered Loan Origination Software for Seamless Lending,"Experience the future of lending with Algebrik's cloud-native, AI-powered platform. Simplify workflows, enhance decision-making, and deliver exceptional borrower experiences",no page metadata; inherits app/layout.tsx
/resource-center/why-legacy-loan-systems-are-guaranteeing-failure-and-the-new-30-opportunity,Algebrik: AI-Powered Loan Origination Software for Seamless Lending,"Experience the future of lending with Algebrik's cloud-native, AI-powered platform. Simplify workflows, enhance decision-making, and deliver exceptional borrower experiences",no page metadata; inherits app/layout.tsx
/roi-calculator,Algebrik: AI-Powered Loan Origination Software for Seamless Lending,"Experience the future of lending with Algebrik's cloud-native, AI-powered platform. Simplify workflows, enhance decision-making, and deliver exceptional borrower experiences",no page metadata; inherits app/layout.tsx
/solutions/algebrik-for-credit-unions,Algebrik for Credit Unions: AI Solutions for Member-Centric Lending,"Transform your credit union's lending operations with Algebrik's AI-driven platform, offering personalized services and improving member satisfaction",
/solutions/auto-lenders,Algebrik for Auto Lenders: Accelerate Approvals with AI Technology,"Enhance your auto lending services with Algebrik's AI-powered solutions, speeding up loan approvals and providing seamless borrower experiences",
/solutions/banks,Algebrik for Banks: Enhancing Lending Efficiency with AI,"Empower your bank with Algebrik's AI-powered loan origination system, streamlining processes, reducing costs, and delivering superior borrower experiences.",
/solutions/credit-union,Algebrik for Credit Unions: AI Solutions for Member-Centric Lending,"Transform your credit union's lending operations with Algebrik's AI-driven platform, offering personalized services and improving member satisfaction",
/solutions/decisioning,Algebrik: AI-Powered Loan Origination Software for Seamless Lending,"Experience the future of lending with Algebrik's cloud-native, AI-powered platform. Simplify workflows, enhance decision-making, and deliver exceptional borrower experiences",no page metadata; inherits app/layout.tsx
/solutions/digital-account-opening,Algebrik: AI-Powered Loan Origination Software for Seamless Lending,"Experience the future of lending with Algebrik's cloud-native, AI-powered platform. Simplify workflows, enhance decision-making, and deliver exceptional borrower experiences",no page metadata; inherits app/layout.tsx
/solutions/lender-cockpit,Algebrik: AI-Powered Loan Origination Software for Seamless Lending,"Experience the future of lending with Algebrik's cloud-native, AI-powered platform. Simplify workflows, enhance decision-making, and deliver exceptional borrower experiences",no page metadata; inherits app/layout.tsx
/solutions/omnichannel-point-of-sale,Algebrik: AI-Powered Loan Origination Software for Seamless Lending,"Experience the future of lending with Algebrik's cloud-native, AI-powered platform. Simplify workflows, enhance decision-making, and deliver exceptional borrower experiences",no page metadata; inherits app/layout.tsx
/solutions,Algebrik: AI-Powered Loan Origination Software for Seamless Lending,"Experience the future of lending with Algebrik's cloud-native, AI-powered platform. Simplify workflows, enhance decision-making, and deliver exceptional borrower experiences",no page metadata; inherits app/layout.tsx
/solutions/portfolio-analytics,Algebrik: AI-Powered Loan Origination Software for Seamless Lending,"Experience the future of lending with Algebrik's cloud-native, AI-powered platform. Simplify workflows, enhance decision-making, and deliver exceptional borrower experiences",no page metadata; inherits app/layout.tsx
/thank-you,Algebrik: AI-Powered Loan Origination Software for Seamless Lending,"Experience the future of lending with Algebrik's cloud-native, AI-powered platform. Simplify workflows, enhance decision-making, and deliver exceptional borrower experiences",no page metadata; inherits app/layout.tsx
/ufcu,Algebrik: AI-Powered Loan Origination Software for Seamless Lending,"Experience the future of lending with Algebrik's cloud-native, AI-powered platform. Simplify workflows, enhance decision-making, and deliver exceptional borrower experiences",no page metadata; inherits app/layout.tsx
/unwrapped,Algebrik: AI-Powered Loan Origination Software for Seamless Lending,"Experience the future of lending with Algebrik's cloud-native, AI-powered platform. Simplify workflows, enhance decision-making, and deliver exceptional borrower experiences",no page metadata; inherits app/layout.tsx
/vault/campaigns-content,Algebrik: AI-Powered Loan Origination Software for Seamless Lending,"Experience the future of lending with Algebrik's cloud-native, AI-powered platform. Simplify workflows, enhance decision-making, and deliver exceptional borrower experiences",no page metadata; inherits app/layout.tsx
/vault/chatbots,Algebrik: AI-Powered Loan Origination Software for Seamless Lending,"Experience the future of lending with Algebrik's cloud-native, AI-powered platform. Simplify workflows, enhance decision-making, and deliver exceptional borrower experiences",no page metadata; inherits app/layout.tsx
/vault/demos,Algebrik: AI-Powered Loan Origination Software for Seamless Lending,"Experience the future of lending with Algebrik's cloud-native, AI-powered platform. Simplify workflows, enhance decision-making, and deliver exceptional borrower experiences",no page metadata; inherits app/layout.tsx
/vault/internal-only,Algebrik: AI-Powered Loan Origination Software for Seamless Lending,"Experience the future of lending with Algebrik's cloud-native, AI-powered platform. Simplify workflows, enhance decision-making, and deliver exceptional borrower experiences",no page metadata; inherits app/layout.tsx
/vault/objection-handling,Algebrik: AI-Powered Loan Origination Software for Seamless Lending,"Experience the future of lending with Algebrik's cloud-native, AI-powered platform. Simplify workflows, enhance decision-making, and deliver exceptional borrower experiences",no page metadata; inherits app/layout.tsx
/vault/one-pagers,Algebrik: AI-Powered Loan Origination Software for Seamless Lending,"Experience the future of lending with Algebrik's cloud-native, AI-powered platform. Simplify workflows, enhance decision-making, and deliver exceptional borrower experiences",no page metadata; inherits app/layout.tsx
/vault,Algebrik: AI-Powered Loan Origination Software for Seamless Lending,"Experience the future of lending with Algebrik's cloud-native, AI-powered platform. Simplify workflows, enhance decision-making, and deliver exceptional borrower experiences",no page metadata; inherits app/layout.tsx
/vault/pitch-deck,Algebrik: AI-Powered Loan Origination Software for Seamless Lending,"Experience the future of lending with Algebrik's cloud-native, AI-powered platform. Simplify workflows, enhance decision-making, and deliver exceptional borrower experiences",no page metadata; inherits app/layout.tsx
/vault/pitch-decks,Algebrik: AI-Powered Loan Origination Software for Seamless Lending,"Experience the future of lending with Algebrik's cloud-native, AI-powered platform. Simplify workflows, enhance decision-making, and deliver exceptional borrower experiences",no page metadata; inherits app/layout.tsx
/vault/pitch-demos,Algebrik: AI-Powered Loan Origination Software for Seamless Lending,"Experience the future of lending with Algebrik's cloud-native, AI-powered platform. Simplify workflows, enhance decision-making, and deliver exceptional borrower experiences",no page metadata; inherits app/layout.tsx
/vault/proof-credibility,Algebrik: AI-Powered Loan Origination Software for Seamless Lending,"Experience the future of lending with Algebrik's cloud-native, AI-powered platform. Simplify workflows, enhance decision-making, and deliver exceptional borrower experiences",no page metadata; inherits app/layout.tsx
/vlo,Algebrik: AI-Powered Loan Origination Software for Seamless Lending,"Experience the future of lending with Algebrik's cloud-native, AI-powered platform. Simplify workflows, enhance decision-making, and deliver exceptional borrower experiences",no page metadata; inherits app/layout.tsx
/webinars/12-aug-2025,Algebrik: AI-Powered Loan Origination Software for Seamless Lending,"Experience the future of lending with Algebrik's cloud-native, AI-powered platform. Simplify workflows, enhance decision-making, and deliver exceptional borrower experiences",no page metadata; inherits app/layout.tsx
/webinars/20-nov-2025,Algebrik: AI-Powered Loan Origination Software for Seamless Lending,"Experience the future of lending with Algebrik's cloud-native, AI-powered platform. Simplify workflows, enhance decision-making, and deliver exceptional borrower experiences",no page metadata; inherits app/layout.tsx
/webinars/algebrik-webinar1,Algebrik Resource Center: Insights and Updates on AI in Lending,"Stay informed with the latest articles, case studies, and news on AI-driven lending solutions, and discover how Algebrik is leading the industry transformation",